{
  "0": [
    2.0,
    -0.1,
    0
  ],
  "1": [
    2.4100505063388336,
    -1.0899494936611664,
    45
  ],
  "2": [
    3.4,
    -1.5,
    90
  ],
  "3": [
    4.389949493661167,
    -1.0899494936611664,
    135
  ],
  "4": [
    4.8,
    -0.1,
    180
  ],
  "5": [
    4.389949493661167,
    0.8899494936611664,
    225
  ],
  "6": [
    3.4,
    1.2999999999999998,
    270
  ],
  "7": [
    2.4100505063388336,
    0.8899494936611664,
    315
  ]
}